sha	date	category	files_changed	insertions	deletions	subject
2120b63ff250f1b78871ceaa1d58217c884df730	2026-02-02	features	5	39	8	feat: changed default barrier function type
951dab2e3c325518b3e12e6e9c637925ff87e390	2026-02-02	infra	2	14	14	🔧 Relay Worker: automated merge
8a5aa0d59b1c2021e136086c9187080d0ccfe850	2026-02-02	infra	1	43	4	🔧 Relay Worker: automated merge
cecd0209dfe3daf28fdf0b00e735c65740cc2b21	2026-02-02	infra	2	2	2	🔧 Relay Worker: automated merge
2a47b9643e052aba6adc406e4e2a8b8aff781771	2026-02-02	infra	1	5	8	🔧 Relay Worker: automated merge
ff1b9cde14a82d0dcb88ace278963136a73367a1	2026-02-02	infra	2	15	9	🔧 Relay Worker: automated merge
d5352bba36d9bc535baa5e29895dd5594775610d	2026-02-02	infra	2	7	3	Relay Worker: automated merge
35262b23fac7241207713e31ca0667401ecae8f2	2026-02-02	infra	2	9	9	Relay Worker: automated merge
0e76e9d1183e0f4a7c8fa6d6070d25d2175a87cf	2026-02-02	infra	2	137	78	🔧 Relay Worker: automated merge
a5d20ed49e28807713ae06c0312fdb7db28a6c5c	2026-02-02	infra	2	40	38	🔧 Relay Worker: automated merge
50247ff9657370c2effc4b9463cd505aa3a65967	2026-02-02	infra	3	290	34	🔧 Relay Worker: automated merge
220a3ba81f74e10f758dd26d99fddf42e12ccfcf	2026-02-02	infra	2	13	6	🔧 Relay Worker: automated merge
fc2cdf8ddf53b4a6af4cdd6c978b7b207af2d5b2	2026-02-02	infra	2	17	6	🔧 Relay Worker: automated merge
34500c52383f84f222ac3175ffbcbbd664459a54	2026-02-02	infra	2	2	5	Relay Worker Fixes: automated merge
2a69d90c47ba21cca39a6df8ef2c3139b27d4f0d	2026-02-02	infra	2	14	3	🔧 Relay Worker: automated merge
4aac1f696db448a6d1670e70982ea38e1eeac364	2026-02-02	infra	3	75	37	🔧 Relay Worker: automated merge
03efa757851dea254114be6bbffa3cfd58860292	2026-02-02	infra	3	19	21	🔧 Relay Worker: automated merge
bbca7af15930d17fac53dfa039d6bd694e2fe639	2026-02-02	infra	2	1	9	🔧 Relay Worker: automated merge
286cd975103ca5d9214575211543c91176f19ece	2026-02-02	bug fixes	1	10	2	Fix examples/single_integrator/reach_goal/perfect_sensing.py (#218)
c43ed956de9008a013e6a6cb9d30ee028f506ee0	2026-02-02	bug fixes	2	9	11	Fix batch 6 examples: Update imports and API usage (#219)
06ff385eb08d905f811987c5c343c1c7dc2ff474	2026-02-02	bug fixes	1	5	1	Fix tutorials/mppi_stochastic_cbf_reach_avoid.py imports and paths (#226)
63f0d0136961c0dcbffcab00263d602ed1167411	2026-02-02	bug fixes	3	19	12	Relay Worker: Fix batch 20 (3/3 files fixed) (#222)
5a83c7144569c4b33e527bc349f54b033a9bca5b	2026-02-02	bug fixes	2	14	20	Fix UKF implementation and unicycle UKF example (#232)
cc2e46b0a9a1a57f2a4cf2eba24645058ae9d7e9	2026-02-02	bug fixes	1	21	10	Fix batch 10 tutorials (#210)
5109de2fc3fa05f5e23db79f3e51b8434a96cb8c	2026-02-02	bug fixes	3	46	14	Fix examples/van_der_pol imports and barrier functions (Batch 23) (#209)
f0cf277ef37bf2f5c278a412c1648e314c0d6bdc	2026-02-02	features	2	465	0	feat: add relay planner and generate task batches (#208)
4719b55abff90e36da4e9eb2f9ac3ef7918b2c2f	2026-02-02	bug fixes	1	9	1	fix(examples): correct imports and path in unicycle vanilla cbf example (#207)
5f47164a41c84e6d3a98e8fca6eb5ad8e578cf56	2026-02-02	infra	1	22	0	docs: add examples and tutorials tracking file for unfixable issues
40d14d9356038698b1fca3c06cf322050d765e75	2026-02-02	infra	1	5	8	chore: configure Python cache directory
e5e5b47458e3946aa1533c7fd39ecca5397e2f57	2026-02-01	features	3	44	8	perf: Avoid double dynamics evaluation in CBF-CLF constraints (#206)
4d4c49a7a9facf6b6b3ad24c0a728afa82ff10ec	2026-02-01	experiments	2	73	65	Scout: Add allocation pressure benchmark and fix logger (#198)
4d15c798b783fee6122b4481daa64e42e064e8ee	2026-02-01	bug fixes	1	4	4	Fix failing unicycle reach-goal example by reducing obstacle complexity (#201)
3efd5d3574aa6c52b23b72959f4b554c6cb3a85e	2026-02-01	features	2	51	2	feat: attach configuration attributes to unicycle dynamics (#202)
48ba475376b2c2b3617735acb824313295f208a5	2026-02-01	infra	3	14	7	Fix Lyapunov stability condition docstrings and parameter validation (#204)
4633ee5358afddea1d454c075004c97d7307e0c8	2026-02-01	bug fixes	2	69	19	Prevent Monte Carlo from clobbering global random state (#203)
226a3c0be7a65cdc9775dacfa38c9746f6ec4e5e	2026-02-01	infra	4	23	7	ci: improve reliability and speed of example tests (#205)
8a1014544b3f46e897402c201da6153906665219	2026-02-01	bug fixes	0	0	0	✉️ Hermes: Fix missing QP failure messages and NaN status mapping (#199)
c74931e46f18f34ac3ee563cb04e4a9376442219	2026-02-01	bug fixes	1	9	2	feat: harden QP controller against infinite inputs and outputs (#200)
f1eeb9c9172f0bc6479e5b883feaced2c6599a8c	2026-02-01	bug fixes	2	69	1	Fix crash in QP failure logging and add regression test (#195)
7bc7accc2e6dbb6c89358d11ce3e018ea1cc8d7d	2026-02-01	features	2	65	6	Sentinel: Explicit validation in MPPI setup (#194)
c302626504235b7458d3a298d115603a816742a9	2026-02-01	infra	1	6	6	feat: improve packaging metadata and dev dependencies (#193)
fca1b00fbc783e79b2f968d1a9ee2dcf2060a482	2026-02-01	refactors	2	63	3	Refactor block_diag_matrix_from_vec to pure JAX (#192)
3d5ef341baa287f997569a7c1cee1dc74a5f66eb	2026-02-01	infra	2	76	1	Atlas: automated merge (cycle 3)
5758954af83daf82a44ebf598512fcc010f11f89	2026-02-01	infra	1	66	0	Scout: automated merge (cycle 3)
3dad02a549712ad25e772e231a4dedda1b3e0952	2026-02-01	infra	3	108	1	Sentinel: automated merge (cycle 3)
efe8df8e6b5ce827d7da252b71cba34e9ea39ed7	2026-02-01	infra	2	31	17	Piper: automated merge (cycle 6)
faf58504cc5572cebacc83708fd1067d52dd90ad	2026-02-01	infra	1	118	0	Chronos: automated merge (cycle 4)
9f83b98ce3d8c770be66e6fd758fb22ad596689e	2026-02-01	infra	2	34	4	Oracle: automated merge (cycle 4)
dd67629da348e46a277e30151bfa25f83a971b9d	2026-02-01	bug fixes	1	12	2	Improve QP failure diagnostics with config context and safety warnings (#181)
a81403a34ce253ed6bbf76b7d26dfeb0489466f8	2026-02-01	infra	2	116	0	Atlas: automated merge (cycle 2)
5b8995af7cfaff34ea567defa6e8edd4e2490f10	2026-02-01	infra	2	64	0	Archivist: automated merge (cycle 3)
958d98b42bcf15834244f27c73af28f2f570312a	2026-02-01	infra	2	123	0	Chronos: automated merge (cycle 3)
3d04edc7fd1b1eeeaca44c038e7953a07b23993c	2026-02-01	infra	2	42	0	Aegis: automated merge (cycle 1)
071d89e29a6a4819475adf406a332799a892c75a	2026-02-01	infra	1	6	0	Piper: automated merge (cycle 5)
2159a554b0866b5a14535b3107ec8169596ba375	2026-02-01	infra	2	66	11	Oracle: automated merge (cycle 3)
892dd84f0c62cd0bebd32294113256be36db64d7	2026-02-01	infra	1	7	4	Forge: automated merge (cycle 4)
39035767bf5746c85e821ecca82b7d5806ce42b8	2026-02-01	features	2	113	22	🚨 Sentinel: Explicit QP Failure Status & Spam Suppression (#177)
6b6d4267c3715539ff1e681143c4b8294ea0b75b	2026-02-01	infra	1	129	0	Scout: automated merge (cycle 2)
a0d1be440597fd637fb0b4043e764d18a091a0ea	2026-02-01	infra	2	19	8	Hermes: automated merge (cycle 3)
0645a07eef41cb503b067941456f7463f782401e	2026-02-01	infra	2	31	3	Archivist: automated merge (cycle 2)
1182f1073bebe03fee76cf7747aa320592a54916	2026-02-01	infra	1	1	1	Piper: automated merge (cycle 4)
11b2d076640504b695330c50ad221244f494e863	2026-02-01	infra	1	15	6	Scribe: automated merge (cycle 2)
ad3ff0775f06e40229019590c9491142e5b31e29	2026-02-01	infra	1	97	0	Chronos: automated merge (cycle 2)
fc57e3902a998e99941a3e11a17f797789e17b5e	2026-02-01	infra	2	16	3	Flux: automated merge (cycle 2)
fef8723177c58d92588d527fed718515c71ad5b7	2026-02-01	infra	3	23	3	Curator: automated merge (cycle 2)
c1e082989a5cf984f841ef27c88025620d5e1b48	2026-02-01	infra	1	1	2	Forge: automated merge (cycle 3)
df56a66dabfd7f969a6e292e12139fe4278aab89	2026-02-01	infra	2	1	21	Bolt: automated merge (cycle 1)
cd43c1244d7441f5f3637ab5c148aaf65eafa1a9	2026-02-01	infra	3	107	0	Sentinel: automated merge (cycle 1)
a01a163572e90f797fec1851029b478307b1de4d	2026-02-01	infra	1	8	6	Piper: automated merge (cycle 3)
75ace42ba951d27e65f36324ac62622200ea09b6	2026-02-01	infra	1	6	1	Hermes: automated merge (cycle 2)
6e2f921a307e52f249b11928255e4b853d17b6b6	2026-02-01	infra	1	0	3	Forge: automated merge (cycle 2)
1ac063d1148f4778a547d69aaba274c575fcb467	2026-02-01	infra	1	77	0	Chronos: automated merge (cycle 1)
61b0f79643e2657a48c596cd5b3f75c7a558737e	2026-02-01	infra	1	3	3	Oracle: automated merge (cycle 2)
ffa8ad135e644c4ba8d7258236e48b42eab521f0	2026-02-01	infra	1	14	2	Piper: automated merge (cycle 2)
90cfbc0955b8c96146bc0d9e61d7b85a69e1d2fd	2026-02-01	infra	2	43	0	Archivist: automated merge (cycle 1)
4840c57b8b4c08f6089ab7bae3256fdb2e07659f	2026-02-01	infra	3	28	8	Curator: automated merge (cycle 1)
475a8cd2add145bc5b1c6ea9eeb61564c1ef28ac	2026-02-01	infra	1	72	67	Scribe: automated merge (cycle 1)
ce8832d67e28188f2da065d79e13552d569b1c07	2026-02-01	infra	1	5	1	Atlas: automated merge (cycle 1)
e802bd0d956cc8465ec70a6e99fc6b5175118ad6	2026-02-01	infra	3	3	2	Forge: automated merge (cycle 1)
a99e6e5810f79e2b9d84322d8cde8d7af07346c9	2026-02-01	infra	1	79	0	Scout: automated merge (cycle 1)
fb7a228b35f6c9b00971ba3ed41c38fef7faafa7	2026-02-01	infra	3	14	9	Flux: automated merge (cycle 1)
8c64dd956bdd1355ac9720f2ec7103358d806abc	2026-02-01	infra	1	1	1	Oracle: automated merge (cycle 1)
d609d845c4db48f653e6d74d8b7cbfa1085e5b6b	2026-02-01	infra	2	26	5	Piper: automated merge (cycle 1)
e40446114b99326599bdc357bd3b4d0ac3d97b5f	2026-02-01	features	1	9	0	feat(cbf_clf): vectorize QP solution rescaling in controller (#118)
258bb5ce6493133bd38773fe2ebbdea4d9c88109	2026-02-01	infra	3	6	2	🔧 Forge: Standardize versioning with dynamic `__version__` (#136)
5f899a983854c6d06d8f8dc541de49622b0b5ba0	2026-02-01	features	3	9	6	feat: add stl_trajectory_cost type and relax data inputs (#137)
b8fea3acec2ba153ca94b73c7ee51eb64f442c7b	2026-02-01	bug fixes	1	63	0	test: Add regression test for NaN input safety in QP controllers (#138)
cad895a2cbb8e22ba6dc869b0703a85c92ca2b2c	2026-02-01	features	3	196	1	feat(certificates): add generate_certificate helper (#139)
c68595cffcc4c154c94bfcd85315ee27ae280d5c	2026-02-01	features	1	6	1	feat: robustify relative degree detection against vanishing gradients (#140)
81dae09054482eb067a75ab44fc7937c0e4be52a	2026-02-01	experiments	1	191	0	Scout: Add per-step runtime breakdown benchmark (#141)
d972c27ad3e64a4c5e9fcb482fb1b6e769471877	2026-02-01	bug fixes	2	82	5	Fix RNG correlation in Python simulation backend (#143)
97a5374a72bcce639b4d1bff670ba4403ee81bf2	2026-02-01	bug fixes	2	26	7	feat(cbf-clf): add JIT-compatible debug print for QP solver failure (#144)
70c116d72ede9b79466bfc700b3fd4caa6eec01b	2026-02-01	features	2	59	20	Enforce consistent lengths in CertificateCollection (#145)
15b32d4ea94ffb8f846b3ac4a01aea8b71c72723	2026-02-01	bug fixes	2	46	2	Fix risk bound in path_integral_barrier to use one-sided inverse CDF (#146)
c75f0c1a30eedd0716711d3df5c2e882522c7952	2026-02-01	infra	1	2	2	📝 Scribe: Fix import paths in cbf_clf_qp_generator docstring (#147)
69407e542a687a3921fa13e850e8cc5e71271c34	2026-02-01	infra	4	123	51	Remove pandas dependency by refactoring logger (#148)
91c667de2c40c3d027e62228467e2ca03297f262	2026-02-01	bug fixes	5	28	13	feat(sentinel): detect unsolved max iter and enforce safety (#149)
e2f6c7a494a4906acf264bb431c0a6298cd31926	2026-02-01	bug fixes	7	22	354	Fix and modernize MPPI tutorial scripts (#135)
b9bb0eb0e5665f5746deb1996e95a6ac07ccfb39	2026-02-01	bug fixes	2	49	9	Fix Monte Carlo seeding for random and deterministic runs (#134)
026b8dda89aa06cdc202f89c984155a82d045dfc	2026-02-01	refactors	2	11	15	⚡ Bolt: Optimize QP generator graph and clean up simulator JIT (#132)
9d341f082714575e60db12e9b409a65f7200a076	2026-02-01	features	1	16	4	feat(cbf_clf): robustify QP slack scaling for high penalties (#133)
b3cc842461eb1ca91527b7ce4b9407eed28d4206	2026-02-01	features	1	2	2	Lazy-load pandas in logger.py to reduce import overhead (#129)
8f9dd83443a9496adad4054ac2eebc0475e213ea	2026-02-01	features	1	38	22	Improve usability of cbf_clf_qp_generator by accepting lists of certificates (#131)
1fe0df9141ad59d14e9a2604528117774ecc78ea	2026-02-01	infra	2	12	4	Move code generation dependencies to optional extra (#127)
f89d354a089c596891b2e58f2a67f5ea7e3cbb9c	2026-02-01	bug fixes	2	99	7	Fix rectified ECBF coefficient mapping and root count (#130)
d08dfbcdf3b97f6f192fca514c897318d13ad7ec	2026-02-01	experiments	1	156	0	Add Scout benchmark for safety violation and slack usage (#126)
d952a66b82d8270a46b7eb374c3c7ea95aee31bb	2026-02-01	features	2	28	2	Sentinel: Accept MAX_ITER_REACHED (status 2) as valid QP solution (#128)
038e83e761f62088e4de6d0a8b5c72ec35e2ca6d	2026-02-01	features	4	5	4	Refine ControllerCallable to require mandatory Control input (#125)
36a59730ba14cb40e962fb5cfa4c4731781057f0	2026-02-01	features	1	23	0	feat: add config validation to cbf_clf_qp_generator (#124)
4856116a14f715b776719f5d444c524b46135676	2026-02-01	bug fixes	2	58	2	fix(rectifiers): include partial time derivative in relative degree rectification (#123)
b777846a3b7d1f424da3f999d91626961c607076	2026-02-01	infra	1	8	0	⚙️ Flux: Cache uv dependencies in CI (#122)
9d0e29a716ec87200391fdb9f1066020cafb064a	2026-02-01	experiments	1	86	0	⏱️ Chronos: Add JIT structure stability test (#121)
0a970518c893c6224f5317073276acd817aeb4f7	2026-02-01	features	2	69	0	DX: Improve error message for invalid CertificateCollection structure (#119)
f5dd8d5b6f3b64998fc7459ce708eaef0dbdcbc3	2026-02-01	refactors	4	145	40	Refactor constraint normalization in cbf_clf_qp_generator for robustness. (#117)
879a48b760098ecd327d31ad6217a171e51db267	2026-02-01	experiments	1	41	0	feat(benchmarks): add scout_trace_complexity.py for JAX trace analysis (#120)
fa85cda572f6ebd14d5967f6d2786215b79a5414	2026-02-01	features	1	30	16	feat(optimization): define NamedTuple return types for QP solvers (#116)
b7de1827a2332961940189c4ba397fcbeb0f3721	2026-02-01	infra	2	4	19	I've removed the unused `pyyaml` runtime dependency. Since `cbfkit` does not import `pyyaml` in its source code, the dependency was likely added for development tools (like pre-commit or devcontainer extensions) that manage their own environments or are external to the package runtime. Removing `pyyaml` from `project.dependencies` reduces the installation footprint and potential conflicts. (#114)
45b6eab123cb17afcc1a58680b5f386cff065ac8	2026-02-01	features	2	40	7	feat: add use_factory arg to certificate_package (#109)
2128e3382552678abe2583e06cd8c34c99f8914f	2026-02-01	infra	1	3	0	build: include Jinja2 templates in package distribution (#108)
062084c0e9ccc2802cb8e1b3cf3facfc4009cc71	2026-02-01	bug fixes	2	126	5	Fix recursion randomness and add seeding to rectifiers (#113)
382ff5981b82a261e07a7dff1a53fc29fcf740d8	2026-02-01	experiments	2	15	10	Speed up model generation tests and mark jit benchmark as slow (#111)
5d39b8b07806ea0690240b0fa8b1158a238027ab	2026-02-01	bug fixes	2	69	15	Fix UnboundLocalError and incorrect indexing in high-order rectifier (#110)
bebad3d88fee338a925e6a765f46fb21a706b544	2026-02-01	features	1	156	0	Populate empty tutorial example with working Python code (#115)
312b07c96f9d46085b2d2c69dea4e3188623251e	2026-02-01	features	2	6	1	feat: Explicitly detect and report NaN failures in CBF-CLF-QP controller (#112)
f3d86446b8dba51fe768ae8f9fbcac640441923e	2026-02-01	infra	2	79	8	Fix misleading docstrings in zeroing barrier conditions (#107)
fecb87dfec26f5e0ef850dda3cc5bbc81e8d48f7	2026-02-01	bug fixes	1	71	0	Test: Add regression test for QP solver failure safety (#106)
12a803854796570743daec91908799b6d73a0b69	2026-02-01	features	13	6	32	feat: Remove unused kwargs from rectify_relative_degree (#105)
2fd8934becf8c83b1a47161b144ac94fa4cd0812	2026-02-01	infra	2	13	6	⚙️ Flux: Fix broken test and speed up CI with uv (#103)
3ba30f811f2df0424e20e940cc5e7d02ec1df5b6	2026-02-01	features	2	5	1	perf(sim): strip unused heavy arrays from JIT loop carry (#104)
0520720222aa36d6ded32b9ebcab4ea289259122	2026-02-01	features	3	79	170	Remove unused cvxpy and cvxpylayers, add missing jinja2 (#102)
081d67dee35d544f157d0a337e9b2df8d0559416	2026-02-01	features	1	16	7	Enforce rank checks for certificate functions to improve error messages (#101)
551c54d4f44cede0c55303b23ed7c1bcba9444f2	2026-02-01	refactors	2	71	15	Refactor cbf_clf_qp_generator with explicit configuration args (#100)
e957e68ced3ed8a8d65437fc74257ba4f18086fa	2026-02-01	features	2	64	1	feat(solver): increase OSQP maxiter for high-penalty robustness (#99)
dbf96784e103251c3c0763f4316332484b4013f2	2026-02-01	infra	2	35	1	docs: fix sign error in stochastic barrier condition docstring (#97)
d5f7885bb873111980c0096162cd737dfe9c39aa	2026-02-01	bug fixes	2	48	37	Fix constraint normalization singularity near zero gradient (#96)
1b1b8371c3de46da159dc4308936da764a77a522	2026-02-01	infra	2	16	16	docs: fix tutorial filenames in README and repair broken notebook (#94)
63586f361cb4fcfe506c32232d0d9b16ffa5eddc	2026-02-01	features	2	44	0	Sentinel: Explicitly fail when relative degree rectification encounters NaNs (#93)
f3da7e182665ababcfeb581b7ad5a2cae9b158e1	2026-02-01	features	3	23	100	feat: Enable integer seeds for uncertainty PMF generation (#95)
5526cf2ef79839d32f58dd5ac76e8e7bf88b0f20	2026-02-01	experiments	1	157	0	feat(benchmarks): add scout_constraint_conditioning benchmark (#92)
a177f6312a2428a3b48a48cb8539ddd701e6b74d	2026-02-01	infra	1	12	5	Fix pyproject.toml metadata and optimize dependency installation (#91)
983fdb9e5ac1543d2ee79bbf1c3b2e4e487098c3	2026-02-01	infra	16	44	23	Speed up CI by reducing simulation time in tests and consolidating dependencies. (#90)
ccb52020a1c129e609f2d0a3db6d8d41b07b91a1	2026-02-01	bug fixes	2	4	4	Fix sign error in stochastic barrier condition (#88)
7d7d451edc305429a37d92965f75adad94b6512f	2026-02-01	features	2	85	9	Enable deterministic Monte Carlo simulations via explicit seeding (#89)
9e7bdf455b3eaaafa400b8d77169a02ad1f32ad7	2026-02-01	infra	1	1094	1079	Remove unused runtime dependency `setuptools` (#87)
0d23141f8f4d7387120b92299ea9f94d125d17d8	2026-02-01	bug fixes	2	98	3	Fix NaN gradients in CBF-QP controller during autodiff (#85)
b04a188e6fb698d18158d604bb2e52a63ea93aa6	2026-02-01	bug fixes	19	572	9	Fix imports in MPPI CBF tutorial script (#84)
99dc28dd839729465a192ac4611cc29b04a01714	2026-02-01	experiments	5	183	6	Exposes internal solver state (iterations) from JAXOpt QP solver to the controller data output. This allows diagnosing solver bottlenecks and instability. Includes a new benchmark script `tests/benchmarks/scout_solver_stats.py` to verify and display these statistics. (#83)
b512fe67fbd087345f9bbe7b7bfc65330621f6aa	2026-02-01	features	1	4	0	Sentinel: Explicitly catch NaN/failure in MPPI controller (#78)
37392ad43cc590c6d0602f9e8ace14ede16abe46	2026-02-01	bug fixes	14	17	17	Fix incorrect kwargs type hints in CBF-CLF generators (#82)
a5abc6f92aa1d4ab06f049696c01e0c3528ed800	2026-02-01	refactors	2	57	9	Refactor QP constraint normalization to prevent singularity at small gradients (#81)
2868c1a34658dd116e87a92115ef18611e533fe6	2026-02-01	features	1	32	5	feat(dx): improve shape validation error messages for certificate functions (#80)
bf4549dc2099cd1b101af8d839e8ef2fa7aa03a0	2026-02-01	features	1	109	0	feat(tests): add regression test for CLF relaxation scheme (#79)
d1ac3bb28b09d826505e3fd320bf2b5bf717cc1d	2026-02-01	features	2	93	8	feat: simplify rectify_relative_degree API (#77)
dc506c5a7bdb61ce2757e6c0136a05b7d8a55c34	2026-02-01	infra	1	0	1	Remove setuptools from runtime dependencies in pyproject.toml (#76)
3814f6b59c5b8498704a6571a5d428d47b2624c6	2026-02-01	features	3	70	6	🏗️ Atlas: Introduce SimulationResults for clearer simulation output (#68)
39c46b8128bbca255ed1c31855a83422cf4fe8ad	2026-02-01	infra	1	3	0	Curator: Remove dev tools (mypy, jupyter) from runtime dependencies (#70)
0ca6d0c01cc2fc989113b104e1a1640b5962466f	2026-02-01	features	1	12	1	⚡ Bolt: Strip solver_params from simulator_jit log (#61)
9c1e92fc47db6e4ceaa5f6bf594807f2a2fd542b	2026-02-01	infra	7	25	9	feat(ci): optimize workflow with caching, matrix reduction, and slow test isolation (#75)
5ecfd1265e8a9976c6e1349c35441173a3231b45	2026-02-01	features	2	26	24	feat: make QP failures explicit in simulator and controller (#74)
994270172299d9ef4fe730e9b34b787a6541c56b	2026-02-01	bug fixes	2	60	1	feat(cbf-clf): flatten u_nom to 1D to prevent broadcasting errors (#73)
fd51ccea052cc8cfb065807e86fdedee7c16bd25	2026-02-01	infra	2	34	25	Fix broken unicycle example snippet in README.md (#72)
b0067375b48b947a3e5a7eeaecc277b54809e622	2026-02-01	bug fixes	2	71	3	Fix incorrect CLF constraint shape with relaxable CBFs (#71)
47ae5502b554936ed1c7657baca9002c0f5ff475	2026-02-01	features	3	125	10	feat: make uncertainty generation deterministic via seeding (#69)
4bec81463ae31a73fb69c2a0a33f35793a62261f	2026-02-01	bug fixes	1	79	0	Add regression test for QP solver safety on max iterations (#67)
9c511beb5ca011f005260ea12f1553e491ac7afd	2026-02-01	features	1	12	1	⚡ Bolt: Filter solver_params from simulator trajectory (#66)
fa4868b32bfcd97da1e37c8326674d83c860e63d	2026-02-01	infra	1	2	2	Oracle: Align MPPI docstring and comments with implementation (#65)
cef6f939e22506413b1c60d8fd41affcea278223	2026-02-01	refactors	1	7	2	Refactor `input_style` typing in `certificate_package` to use `Literal` (#64)
c7bff3a042ec516ff10b9bc2bc16835a10ad05ae	2026-02-01	experiments	1	95	0	Add benchmark_relaxation_sensitivity.py to test QP stability (#63)
670016ee7fb69829b53d66376a8216a1621a6ad8	2026-02-01	infra	1	17	6	Refactor pyproject.toml for standard packaging compliance (#62)
d25db2b2095c97a23c21d669caa4481d02d2979d	2026-02-01	features	2	37	2	DX: decode solver status codes in simulator (#59)
3c13918590250ef70554ac050bdbbf71831917d7	2026-02-01	refactors	3	70	5	Refactor certificate_package input_style to use Enum and strict validation (#56)
8c1efe470d4ff523d5d3873d9013e8d65163f5cf	2026-02-01	experiments	1	50	0	Add QP solver warm-start benchmark (#55)
e24d5b550d7b28605b56110657e02a2bcaffb4f9	2026-02-01	bug fixes	2	99	1	fix: discontinuous constraint scaling in CBF-CLF-QP controller (#58)
68b8bad3c3cbd2d381e5d1dd5a7f0b603bf5998b	2026-02-01	bug fixes	1	4	2	Fix numerical fragility in CLF relaxation near equilibrium (#57)
513427e02d789da1c635b021827cc69f8d569631	2026-02-01	bug fixes	2	96	0	Add regression test for solver failure and fix unpack logic. (#60)
8761faaa88ef9fb1dd5b95b94722ed9782c39821	2026-02-01	features	2	128	2	DX: Enforce dynamics shape contract in CBF-CLF-QP controller (#54)
8243dec3469d7dc8fce11a388d63d39e5ec5fc38	2026-02-01	refactors	1	8	12	⚡ Bolt: Optimize CBF/CLF constraint normalization (#53)
4009c012a0a988169208847082e6d57a3bd2d87b	2026-02-01	features	1	105	0	Tests: Add regression test for time-varying certificate gradients (#50)
d3a494db548c127c98491733cb1559594dba3c1a	2026-02-01	experiments	1	43	0	Add solver iteration benchmark for QP controller (#51)
7f0636c936e85a8b034f0e81c8b2194f871f626c	2026-02-01	features	2	98	0	feat(certificates): add input_style to certificate_package (#48)
756a4710c4fd4520c45ec4f7af395c79e9b327b0	2026-02-01	bug fixes	2	74	5	Fix incorrect normalization of QP constraints that amplified numerical noise (#52)
644faa5d53e3d239909ab8bacf7ec07c84f6e305	2026-02-01	bug fixes	1	2	2	fix(numerics): improve qp constraint normalization stability (#49)
f3dd946db9827e183e10b500024c876baaf9b230	2026-02-01	bug fixes	2	20	6	Fix: Gate QP constraint normalization to prevent noise amplification (#47)
e38a65672c6a710a7e371a49e62f0c74b3b5ae82	2026-02-01	features	3	52	14	feat: Enforce strict QP solver success and expose failure status (#46)
e754eb46da2a651c87b12aefc074dd97fe88c4eb	2026-02-01	refactors	5	27	20	feat(perf): Optimize CBF-CLF constraint generation and normalization (#45)
1275b20477673694c0a83f969fe92d1baab2367d	2026-02-01	features	1	92	0	test(mppi): Add high-value determinism and sensitivity test (#42)
024eb25bb40599584d7aac2e2bc612d4a6087a38	2026-02-01	refactors	3	62	20	feat: Add `__add__` to CertificateCollection and refactor concatenate_certificates (#43)
fc8b778acaf8a9f2da5ed840f2f6a8f20a160989	2026-02-01	features	1	6	0	Improve error message for u_nom shape mismatch in CBF-CLF controllers (#44)
116c6c5e500114bf2fdfa59bea543edfa298a364	2026-02-01	experiments	1	44	0	Add benchmark to measure JAX controller recompilation overhead (#41)
592a15ac2537e80139307f290ea86d4e10d7467f	2026-01-31	refactors	1	4	5	Refactor MPPI cost weighting to use standard Log-Sum-Exp without range normalization. (#38)
03f78d7aaeafa17590b7848359bdb72f8af0fa50	2026-01-31	bug fixes	2	39	4	Harden CBF-CLF-QP controller against numerical fragility. (#37)
b8f4c2272c275b4b174ebafe054f51e169988762	2026-01-31	features	1	68	1	feat(simulator): add console warnings for silent controller failures (#36)
c84ea70f8a91b5d7f4d99613cc195358d3c25dcf	2026-01-31	features	4	186	1	feat: add setup_nominal_controller utility (#35)
7f4e145275a9756d74dc5571c6ec822fa8586924	2026-01-31	bug fixes	2	85	1	Fix: Return NaN when QP fails in CBF-CLF-QP controller (#34)
bd98a85c4a3782141886af4793482152e3fe3bc4	2026-01-31	features	1	59	0	test: add regression test for QP controller infeasibility fallback (#33)
740e93bdbca059b18c25a27eaf010ed8b69d9f5b	2026-01-31	experiments	1	54	0	Add benchmark for CBF-QP constraint scaling (#32)
0019e19ab50e8038c677b519b6622d7160f164dd	2026-01-31	refactors	1	15	0	⚡ Bolt: Optimize RK4 integration in simulation backend (#31)
65a99b05a2423da9076310ede12f6a2adf6b4035	2026-01-31	refactors	2	71	6	Optimize MPPI sampling and cost calculation (#30)
dac5090bdbcdcfaaaed2d20e5fbae9164f79e79b	2026-01-31	refactors	1	14	16	⚡ Bolt: Optimize MPPI reshapes and cost calc (#29)
59c4007f753d1d02a3ebcb11faede7a76ad799c8	2026-01-31	features	2	4	38	perf: Use 1D arrays for QP vectors to avoid JAX broadcasting overhead (#27)
1536bee7d54df9b05d8e5ede88e915e29a30d68a	2026-01-31	refactors	2	53	22	⚡ Bolt: Optimize QP vector shapes (1D) and remove allocations (#24)
a3fdd4d7ca62ed0d9d6428a308064296655df143	2026-01-31	refactors	1	6	8	⚡ Bolt: Optimize MPPI allocation via vmap broadcasting (#25)
47e7527222e5c5ce6cf95f58ad788fd709382462	2026-01-31	refactors	3	228	0	⚡ Bolt: Optimize RK4 integrator in JIT simulator (#23)
e89ba4cd912216496bde9a2e3b52d29a943c7bf6	2026-01-31	bug fixes	2	44	56	perf(sim): hoist default lambdas to module level to fix excessive JAX recompilation (#22)
8c63d766272e674ea3a78f4d5a56c6d1f04327d2	2026-01-31	refactors	2	24	47	⚡ Bolt: Optimize MPPI vectorization (#21)
296a2f0a14bb47b4668629895233fdda5ca649f5	2026-01-31	refactors	2	14	32	perf: Optimize barrier evaluation by replacing vmap/switch with unrolling (#20)
c30baa1cfbd1bb4135fab27624928acd50585568	2026-01-31	features	2	59	52	feat(mppi): replace fori_loop with lax.scan for faster rollouts (#18)
c33f83f3deceec9b94c9ec4e4e8c622750e006dc	2026-01-31	refactors	2	16	4	⚡ Bolt: Optimize forward_euler in Python simulation loop (#19)
30d234e3f9781fc4109fa1050985b479a2ef7d06	2026-01-31	features	5	36	11	feat(perf): skip redundant hessian computation in certificate generation (#17)
69b90d779f4705d56d5ca7942d6f8343c43f6835	2026-01-31	features	5	53	26	⚡ Bolt: Vectorize logging in JIT simulation (#16)
74eeff352fcc5839953e2ba3dfb005753a3ffb3f	2026-01-31	refactors	1	14	7	Optimize vmap broadcasting in generating_functions.py (#15)
91f0a35d642aa3bbb5e50e50cc3e1382f85d1290	2026-01-31	features	2	21	0	perf: JIT compile simulator_jit to remove Python overhead (#14)
17bd77e278f9b3008734ff595eea12b2a7b2a909	2026-01-30	refactors	2	49	29	⚡ Bolt: Optimize `simulator.py` result formatting (#13)
7dc6b46c4f5909e22544a3c756ea8b31d13e45c1	2026-01-30	refactors	2	54	28	perf: Optimize JIT simulation result unpacking in simulator.py (#12)
08413fca6288c00811b5a187119e0a4b9db8f3d5	2026-01-30	features	6	100	15	feat(perf): Enable warm-starting for JAX QP solver (#11)
